dimension	cluster	cluster_elements	means_cases	means_deaths	means_mobility
Cases	cl-9	Nova Bassano,Charqueadas,Serra,São Francisco de Paula,Ribeirão Preto,Itatiba,Piratini,Pereiro,Viçosa do Ceará,Ubajara,Sobral,Independência,Massapê,Rio de Janeiro,Duque de Caxias,Itabuna,Tijucas,Anápolis,Itaguaí,Sumaré,Tatuí,Canguçu,Monsenhor Tabosa,Pouso Alegre,Teresina,Butiá,Nova Santa Rita,Limeira,Atibaia,Jaraguá do Sul,Sapucaia do Sul,Arroio do Tigre,São Gonçalo,Quaraí,Morrinhos,Araraquara,Salto,Itaqui,Marília,Arcoverde,Itu,Mauá,Nova Iguaçu,Petrópolis,Arroio do Sal,Capão do Leão,Diadema,Santo André,Marco,Quixadá,Cambé,Fortim,Frederico Westphalen,Morada Nova,Mogi Guaçu,Hortolândia,Senador Pompeu,Pentecoste,São José,Teresópolis,Belém,Indaiatuba,Trindade,Guarulhos,Pinheiro Machado,Lençóis Paulista,Assaré,Balneário Camboriú,Tabuleiro do Norte,Terra de Areia,Jaguarão,Carapicuíba,Horizonte,Pindamonhangaba,Jardim,Três Lagoas,Fortaleza,Santa Rita,Veranópolis,Eldorado do Sul,Bauru,Votuporanga,Cerquilho,Barreira,Resende,Londrina,Divinópolis,Itapira,Paulista,Novo Oriente,Santa Isabel,Parauapebas,Porto Velho,Aquiraz,Uberlândia,São Caetano do Sul,São Benedito,Taubaté,Morro Reuter,Paraipaba,Ponta Grossa,Macaé,Uberaba,Recife,Presidente Prudente,Jacareí,Dom Pedrito,Trairi,Itajaí,Dois Irmãos,Guarujá,Santana de Parnaíba,Sobradinho,Santa Quitéria,Entre-Ijuís,Santa Cruz do Rio Pardo,Itajubá,Marabá,Barra Mansa,Barueri,Missão Velha,Criciúma,Feliz,Praia Grande,Sertãozinho,Pariquera-Açu,Igrejinha,Assis,Aurora,Santana do Acaraú,Votorantim,Blumenau,Crateús,Campos dos Goytacazes,Contagem,Montes Claros,Caruaru,Altamira,São Carlos,Bela Cruz,Macapá,Venâncio Aires,Triunfo,Santos,Catanduva,Manaus,Balneário Pinhal,Nilópolis,Iracema,Vitória,Irauçuba,Angatuba,Nova Petrópolis,Cianorte,Sorocaba,Bento Gonçalves,Campo Grande,Santo Antônio da Patrulha,Redenção,Jundiaí,Governador Valadares,Lauro de Freitas,Mogi das Cruzes,Cruz Alta,Vinhedo,Carlos Barbosa,São Francisco de Assis,Barretos,Rio Branco,Guaiúba,Valença,Maringá,Jucás,Caieiras,Constantina,Betim,Rio das Ostras,Belo Horizonte,Frecheirinha,Tapes,Jaú,Joinville,Bragança Paulista,Descalvado,Santarém,Maceió,Araricá,Crissiumal,Belford Roxo,Barão,Goiânia,Itarema,Itapetininga,Taboão da Serra,Guararapes,Brusque,São Luís,Forquilha,Varginha,Caraguatatuba,Roca Sales,Mossoró,São Bernardo do Campo,Florianópolis,Rio Claro,Araçatuba,Granja,Dourados,Palmeira das Missões,Cubatão,Nova Andradina,Aparecida de Goiânia,Cedro,Americana,Cesário Lange,Barbalha,Piracicaba,Itapevi,Jaguaribe,Vacaria,Panambi,Varjota,Quixeramobim,Cruz,Chapecó,Nova Russas,Itapecerica da Serra,Itaitinga,Foz do Iguaçu,Campo Mourão,Cascavel,Niterói,Amontada,São José do Rio Preto,Agudo,Candeias,Caxias do Sul,Uruburetama,Itaboraí,Paulínia,Arroio do Meio,Júlio de Castilhos,São Sebastião,Capanema,São João del Rei,Pirassununga,Novo Hamburgo,Cotia,Restinga Sêca,Barro,Braço do Norte,Passo Fundo,Porto Alegre,Curitiba,Barbacena,Ferraz de Vasconcelos,Salvador,Cuiabá,Nova Hartz,Lagoa Vermelha,Reriutaba,João Pessoa,Natal,Cerqueira César,Botucatu,Imperatriz,Nova Friburgo,Quixeré,Juazeiro do Norte,Guaraciaba do Norte,Itaquaquecetuba,Icó,Jijoca de Jericoacoara,Campos Sales,São Paulo,Volta Redonda,Patos de Minas,Ribeirão Pires,Campinas,Lavras da Mangabeira,Cidreira,Aracaju,Juiz de Fora,Araguaína,Valinhos,Socorro,Araranguá,Santa Maria,Russas,Osasco,Três Cachoeiras,Piedade	-0.01622532824865956	-0.21091021885662156	5.0256224607198074
Cases	cl-1	Passos,Paracambi,Surubim,São João da Barra,Tanguá,Divino,Peruíbe,Ribeirão,Itapipoca,Queimados,Extrema,Bodocó,São Marcos,Lagoa do Carro,São José da Lapa,Horizontina,Aperibé,Engenheiro Paulo de Frontin,Quatis,Poço Fundo,Itaocara,Escada,Ipaussu,São Caitano,Soledade,Iguatu,Lagoa dos Gatos,Sirinhaém,Sinop,Santo Antônio de Pádua,Cabrobó,Nova Mutum,Caucaia,Toritama,Espumoso,Serra Talhada,Areal,Betânia,Macaparana,Ibiapina,Lajedo,São José do Egito,Três de Maio,Pombos,Abreu e Lima,Seberi,Palmital,Vila Velha,Bezerros,Giruá,São José da Coroa Grande,Novo Cruzeiro,Esmeraldas,Tauá,Custódia,Flores da Cunha,Mendes,Carapebus,Armação dos Búzios,Salgueiro,Carmo,Silva Jardim,Cambuci,Ouro Fino,Sananduva,Floresta,Chã Grande,Tapejara,Marau,Camocim de São Félix,Beberibe,Mangaratiba,Paty do Alferes,Feira Nova,Itambé,Bonito,Catende,Rio Formoso,Santa Maria da Boa Vista,Jaboatão dos Guararapes,Iacanga,Cajamar,Arujá,Guapimirim,São José do Belmonte,Paudalho,Monte Santo de Minas,Cabo de Santo Agostinho,Timbaúba,Monte Mor,Guaraí,Poá,Franco da Rocha,Guaporé,Mesquita,Miguel Pereira,Bom Retiro do Sul,Camaragibe,Saquarema,Francisco Sá,Garanhuns,Nova Prata,Cantagalo,Buíque,Taquara,Arroio Grande,Canhotinho,Queluz,Brejo Santo,Moreno,Nova Ponte,Limoeiro,Seropédica,Altinho,Dianópolis,Cupira,São Pedro da Aldeia,Santo Antônio do Monte,Santa Cruz do Capibaribe,Itatiaia,Taquaritinga do Norte,Iguaba Grande,Sapucaia,Campo Bom,Mombaça,Capão Bonito,Cravinhos,São Francisco de Itabapoana,Aliança,Araçoiaba,Riacho das Almas,Valparaíso de Goiás,Vertentes,São Lourenço da Mata,Ipubi,Canindé,Portão,Orobó,Cruzeiro,Francisco Morato,Comendador Levy Gasparian,São Mateus,Miracema do Tocantins,Cacoal,Castanhal,Tianguá,São Bento do Una,Icapuí,Tamandaré,Lorena,Suzano,Exu,Leme,Cachoeiras de Macacu,Nazaré da Mata,Sanharó,Petrolândia,Agrestina,Aracati,Olinda,Parintins	2.1661774364564206	2.1365553829730373	3.785182830407069
Cases	cl-10	Petrolina,Lages,São Miguel do Iguaçu,Sarandi,Sengés,Manhuaçu,Linhares,Fátima do Sul,Aparecida do Taboado,Camaçari,Nova Alvorada do Sul,Campinorte,Estrela,Pelotas,Campo Formoso,Ituporanga,Santa Luzia,Adamantina,Bandeirantes,São Sebastião do Paraíso,Ilhéus,Deodápolis,Buritama,Caratinga,Porto Nacional,Itatinga,Posse,Teutônia,Orizona,Piraju,Mococa,Erechim,Primavera do Leste,Ladário,Itaquiraí,Rio Grande,Paiçandu,Teófilo Otoni,Toledo,Barra do Garças,Umuarama,Rio Verde de Mato Grosso,São Gabriel,Alfenas,Campo Largo,Navegantes,Mineiros,Guarapuava,Pontal,Mariana,Francisco Beltrão,Rubiataba,Rancharia,Ourinhos,Caiapônia,Gaspar,Palotina,Caldas Novas,Santa Bárbara d'Oeste,Montenegro,Santo Ângelo,Campo Limpo Paulista,Corumbaíba,Jussara,Gravataí,Ubatuba,Laranjal Paulista,Bela Vista,Bagé,Lajeado,Biguaçu,Américo Brasiliense,Lins,Cruzeiro do Sul,Cachoeiro de Itapemirim,Sanclerlândia,Içara,Alegrete,Araripina,Crato,Coronel Fabriciano,Cruzília,Pirapora,São João da Boa Vista,Goioerê,Rio Branco do Sul,Ituiutaba,Nossa Senhora do Socorro,Pinheiro,Torres,Barra do Piraí,São Miguel do Oeste,Terra Boa,Vitória da Conquista,Bariri,Feira de Santana,Cachoeirinha,Conselheiro Lafaiete,Várzea Alegre,Cassilândia,Agudos,Caconde,Colorado,São Lourenço,Boa Vista,Anastácio,São Cristóvão,Paranaíba,Mundo Novo,Água Clara,Monte Alto,Campina Grande,Vianópolis,Nova Santa Rosa,São Vicente,Taquaritinga,Jequié,Ubá,Três Corações,Colatina,Araruama,Macaíba,Pau dos Ferros,Sorriso,Guia Lopes da Laguna,Cornélio Procópio,Chapadão do Sul,Curvelo,Jaguariúna,Maricá,Itanhaém,Guará,Cabreúva,São Francisco do Sul,Gurupi,Ilha Solteira,Farroupilha,Rio Bonito,Olímpia,Itabaiana,Sete Lagoas,Capão da Canoa,Salto de Pirapora,Arapongas,Guaratinguetá,Bertioga,Guariba,Visconde do Rio Branco,Pojuca,Rio Verde,Itapaci,Leopoldina,Vespasiano,Caçapava,Santiago,Nova Odessa,Batatais,Ervália,Ijuí,Colíder,Maracanaú,Muriaé,Iguatemi,Araruna,Janaúba,Cajazeiras,Boituva,Ponta Porã,Patrocínio,Guaranésia,Louveira,Campos do Jordão,Pato Branco,Registro,Rondonópolis,Cosmópolis,Estância,Sonora,Araçariguama,São José do Rio Pardo,Cataguases,Juazeiro,Santo Antônio da Platina,Corumbá,Cidade Ocidental,Rio Brilhante,Avaré,Ibitinga,Promissão,Santa Rosa de Viterbo,Caçador,Assis Chateaubriand,Lagarto,Barra Bonita,Teixeira de Freitas,Glória de Dourados,Paranaguá,Carangola,Itabira,Garibaldi,Ipameri,Porto Murtinho,Dracena,Encantado,Itaobim,Caarapó,Ituverava,Espírito Santo do Pinhal,Angra dos Reis,Tucumã,Tubarão,Timbó,Ji-Paraná,Cabo Frio,Santo Antônio do Descoberto,Angélica,Batayporã,Palmas,Além Paraíba,Porto Feliz,Paranavaí,Guararema,Mairiporã,Itaperuna,Campina Grande do Sul,Santo Antônio do Sudoeste,Ipatinga,Quedas do Iguaçu,Guaxupé,Catalão,Patos,Cáceres,Camapuã,Ibirité,Mirandópolis,São José dos Pinhais,Tupaciguara,Lagoa da Prata,Embu-Guaçu,Maravilha,Costa Rica,Terenos,Joaçaba,Naviraí,Apucarana,Borborema,Coxim,Araras,Jales,Canoas,Poços de Caldas,Rio do Sul,São Gonçalo do Amarante	0.9141074941765965	0.7836069448505462	4.765054442305383
Cases	cl-6	Bom Sucesso,Bacabal,Sento Sé,Baixo Guandu,Rio Bananal,Guamaré,Canguaretama,Viana,Catolé do Rocha,Presidente Dutra,Itambacuri,Porto Real,Arealva,Castro Alves,Itaí,Bom Jesus do Itabapoana,São Gabriel da Palha,Vila Rica,Cajuru,Eugenópolis,Vitória do Mearim,Congonhas,Balsas,Barra do Corda,Caxias,Touros,Jucurutu,Vicência,Grajaú,Mutum,Barão de Cocais,Chapadinha,Brotas,Malacacheta,Mari,Pimenta Bueno,Cruzeiro do Oeste,Cabedelo,Presidente Médici,Itaguara,Junqueirópolis,Santo Antônio de Goiás,Edéia,Codó,Campina Verde,São Sebastião da Grama,Porciúncula,Riachão do Jacuípe,Nova Venécia,Quirinópolis,Lago da Pedra,Bom Jardim,Rio dos Cedros,Boa Esperança,São João dos Patos,Jarinu,Santa Rita de Cássia,Aragarças,Coruripe,Acreúna,Barreirinhas,Cafelândia,Picuí,Goianésia do Pará,Itabaianinha,Itapecuru Mirim,Alto do Rodrigues,Ibaté,Torrinha,São Felipe,Assaí,Canápolis,Zé Doca,Santa Inês,Juína,Carinhanha,Bom Jesus,Ipueiras,Itabirito,Chã Preta,Charqueada,Aguaí,Vitorino Freire,Bayeux,Jaraguá,São José de Ribamar,Jaboticabal,Pedras de Fogo,Hidrolândia,Campestre,Colinas,Simão Dias,São Raimundo das Mangabeiras,Oeiras,Açailândia,Conchal,Capela,Sooretama,Alfredo Chaves,Barra de São Francisco,Santa Juliana,Santa Izabel do Oeste,Nanuque,Sapé,São Miguel,Coroatá,Itamogi,São Raimundo Nonato,Jaguaré,Barra do Bugres,Canindé de São Francisco,Montividiu,Marechal Floriano,Rio Tinto,Monte Alegre de Minas,Alegre,Paraí,Sumé,Viradouro,Mucuri,Conselheiro Pena,Araçuaí	5.546222609225762	5.541826383241835	5.838511835610715
Cases	cl-5	São Miguel do Guaporé,Paranapanema,Cuité,Álvares Machado,São Joaquim de Bicas,Queimadas,Indiara,Marechal Deodoro,Barreiros,Xaxim,Bataguassu,Nova Esperança,Ouro Preto do Oeste,Alagoa Nova,Ribas do Rio Pardo,Conchas,Ceará-Mirim,Eldorado,Prata,Aimorés,Niquelândia,Mata de São João,Piraí,Água Boa,Canelinha,Jardim de Piranhas,Piraquara,Serra Negra,Bela Vista de Goiás,Campo Alegre,Goiás,Rolim de Moura,Caraúbas,Piratininga,Caçu,Agrolândia,São Miguel Arcanjo,Nonoai,Várzea Paulista,Buritis,São Manuel,Alumínio,Itanhandu,Massaranduba,Guarabira,Goianinha,Cocalzinho de Goiás,Silvânia,Alhandra,Miranda,Itaporã,São Bento,Sousa,Novo Gama,São Roque,Morro Agudo,Orleans,Ingá,Santa Bárbara,Fraiburgo,Ivinhema,Camboriú,Porangatu,Piranhas,Girau do Ponciano,Goianira,Mamanguape,Campos Belos,São Mateus do Sul,São Paulo do Potengi,João Câmara,Jaguaruana,Serra Branca,Santa Cruz,Jaru,Canavieiras,Conceição da Feira,Guapó,São José de Mipibu,Viçosa,Planaltina,Tapera,Getúlio Vargas,Cachoeira Alta,Goiatuba,Paraíso do Norte,Pedra Azul,Itapuranga,Flórida Paulista,Camocim,Santo Antônio,São José da Laje,Pão de Açúcar,São Francisco do Conde,Delmiro Gouveia,Rio Largo,Panorama,Inhumas,Pirenópolis,Palmeiras de Goiás,Tupi Paulista,Pilar,Macatuba,Brasilândia,Mateus Leme,Turvo,Buriti Alegre,Extremoz,Solânea,Santa Helena,Colorado do Oeste,Palmeira dos Índios,Cristalina,Nova Mamoré,Junqueiro,Maragogi,Alagoa Grande,Piracanjuba,Goianápolis,Orlândia,Ilhabela,Uruaçu,Concórdia,Frutal,Jaguariaíva,Rio Pardo,Armazém,Areia Branca,Ibiúna,Teotônio Vilela,Penedo,Pesqueira,Castelo,Currais Novos,Paraíso do Tocantins,Apodi,Capelinha,Murici,Igarapava,São Francisco do Guaporé,Sabará,Tabatinga,Santa Rita do Sapucaí,Antônio Prado,Itaperuçu,Videira,Ceres,Iporã do Oeste,Porto Calvo,Passira,Presidente Getúlio,Almenara,Monte Carmelo,Macau,Capinópolis,Anicuns,Senhor do Bonfim,Monteiro,Três Coroas,Itaiópolis,Canoinhas,Simões Filho,Princesa Isabel,Nova Cruz,Iporá,Rialma,São Gabriel do Oeste,Vilhena,Xanxerê,Bom Jesus de Goiás,Andradas	3.4268360814763223	3.4124292560729215	4.211931512946845
Cases	cl-11	Dionísio Cerqueira,Ilha Comprida,Cordeirópolis,Itajobi,Pirajuí,Ariranha,Luís Antônio,Rosana,Paraibuna,Rio Negrinho,General Salgado,Boa Esperança do Sul,Santo Anastácio,Tuparendi,Pardinho,Mirassol,Piracaia,Potirendaba,Capivari,Santa Branca,Urubici,São Pedro do Sul,Jaboticatubas,Barrinha,Ibirá,Cerro Largo,Presidente Venceslau,Monte Azul Paulista,Mongaguá,Bady Bassitt,Tapiratiba,Campos Novos,Tabapuã,Unaí,Chapada,São José do Norte,Pinheiral,Araporã,Abelardo Luz,Vera Cruz,Rinópolis,Rio Grande da Serra,Pradópolis,Bom Princípio,Bocaina,Cajati,Santa Cecília,Itaberá,Bom Jesus dos Perdões,Lucélia,Duartina,Jaci,Santa Rita do Passa Quatro,Não-Me-Toque,Palmares do Sul,Pindorama,Auriflama,Parapuã,Ibirubá,Bernardino de Campos,Nova Granada,Patrocínio Paulista,Nova Aliança,Ipiguá,Santa Vitória do Palmar,Santa Adélia,Monte Aprazível,Salto do Jacuí,Guaraciaba,Ibirama,Iracemápolis,Otacílio Costa,Pirangi,Guareí,Palestina,Dumont,Araquari,Balneário Barra do Sul,São Lourenço do Oeste,São Lourenço do Sul,Urussanga,Cardoso,Taió,Rincão,Iperó,José Bonifácio,Jardinópolis,Juquitiba,São José do Cedro,Nova Europa,Pirapozinho,Barra do Ribeiro,Candelária,Luiz Alves,Vargem Grande Paulista,Urânia,Ribeirão Branco,Pouso Redondo,Itapiranga,Águas de Lindóia,Fartura,Bálsamo,Belo Jardim,Bofete,Uchoa,Laguna,Serafina Corrêa,Coronel Freitas,Herval d'Oeste,Andradina,Presidente Bernardes,Pereira Barreto,Dourado,Águas da Prata,Campo Erê,Colina,Bombinhas,Severínia,Barra Velha,Nhandeara,Quilombo,Oliveira,Mirante do Paranapanema,Iguape,Chavantes,Miguelópolis,Cedral,São Joaquim,Salesópolis,Ribeirão Bonito,Cajobi,Pinhalzinho,Pilar do Sul,São Sepé,Pacaembu,Jacinto Machado,Eusébio,Bebedouro,Valentim Gentil,Pirapora do Bom Jesus,João Pinheiro,Engenheiro Coelho,Getulina,Buri,Casca,Conceição das Alagoas,Estrela d'Oeste,Joanópolis,Mostardas,Sombrio,Faxinal dos Guedes,Sete Barras,Ouroeste,Ouro Branco,Itaporanga,Araxá,Itá,Altinópolis,Cunha Porã,Irani,Tupanciretã,Maracaí,Nazaré Paulista,Luzerna,Herculândia,São Simão,Itariri,Rolante,Penha,Pitangueiras,Itapoá,Tamboril,Acopiara,Salvador do Sul,Garuva,Guaramirim,Corupá,Palmares Paulista,Bastos,Guapiaçu,Trombudo Central,Encruzilhada do Sul,Brumadinho,Igaratá,Conceição de Macabu,Palmitos,Salto Grande	1.6691785263491734	1.6558548052932796	2.0847097321390984
Cases	cl-0	Ipanema,Passa Quatro,Paraguaçu,Cambuí,Antônio Carlos,Piumhi,Carmo do Rio Claro,Penápolis,Rio Piracicaba,São Roque de Minas,Nepomuceno,Santa Maria de Itabira,Teixeiras,Maria da Fé,Boa Viagem,Corinto,Alpinópolis,Serro,Padre Paraíso,Caldas,São João Evangelista,Matozinhos,Barroso,Cássia,Águas Formosas,Alterosa,Caxambu,Vazante,Ibiraci,Alvinópolis,Turmalina,Paraisópolis,Bom Despacho,Bocaiúva,São Gonçalo do Rio Abaixo,Elói Mendes,Cristais,Guapé,Rio Pomba,São Domingos do Prata,Medina,Bicas,Matias Barbosa,Itaúna,Carmópolis de Minas,Belo Oriente,Sacramento,São Gotardo,Monte Sião,Resplendor,Borda da Mata,Arcos,Campanha,Dores do Indaiá,Várzea da Palma,Cláudio,Três Marias,Salinas,Itupeva,Inhapim,Iturama,Dois Córregos,Raul Soares,Espinosa,Jaíba,São Gonçalo do Sapucaí,Lambari,Carmo do Paranaíba,Jacutinga,Campo Belo,Itamonte,Mauriti,Botelhos,Coração de Jesus,Porteirinha,Diamantina,Perdizes,Araguari,Fronteira,Minas Novas,Caetanópolis,Prados,Tupã,Martinho Campos,Ouricuri,Japeri,Carlos Chagas,Entre Rios de Minas,Mantena,Itaú de Minas,Matão,Monte Azul,Pedro Leopoldo,Rio Acima,Lagoa Formosa,Felixlândia,Amparo,Areado,Jequitinhonha,Juruaia,Juatuba,Pedralva,São João Nepomuceno,Brasília de Minas,Mar de Espanha,Campos Altos,Baependi,Manhumirim,Nova Serrana,Estiva,Carmo de Minas,Resende Costa,Capitólio,Ouro Preto,Coromandel,Camanducaia,Igarapé,Rio Paranaíba,Guanhães,Nova Era,Pirapetinga,Abaeté,Pompéu,Casimiro de Abreu,Nova Resende,Serra do Salitre,Caeté,Lima Duarte,Cambuquira,Machado,Congonhal,Conceição do Mato Dentro,Muzambinho,Perdões,Santos Dumont	1.8791594438949644	1.867375161483074	2.361070838367426
Cases	cl-12	Mineiros do Tietê,Taquarituba,Jataí,Itararé,Estância Velha,Camaquã,Itirapina,Joaquim Távora,Formosa,Fernandópolis,Mangueirinha,Marechal Cândido Rondon,Timóteo,Palhoça,Itaberaí,Santa Cruz do Sul,União dos Palmares,Paraguaçu Paulista,Rolândia,Ibiporã,Itápolis,Cândido Mota,Tenente Portela,Santa Cruz das Palmeiras,Castilho,Guaíba,Tietê,Tambaú,Guaraniaçu,Parnamirim,Caicó,Itumbiara,Osvaldo Cruz,Porto Seguro,Porto Ferreira,Esteio,Santa Helena de Goiás,Jacarezinho,Amambai,São Pedro,Rio das Pedras,Guapiara,Pedreira,São Luiz Gonzaga,Itapeva,Apiaí,Telêmaco Borba,Três Barras,Presidente Epitácio,São Borja,Lagoa Santa,Três Pontas,Artur Nogueira,Nova Aurora,São João Batista,Pederneiras,Papanduva,São Sebastião do Caí,Irecê,Guaíra,Osório,Carazinho,Januária,Porto União,Santa Fé do Sul,Sapiranga,São Bento do Sul,Palmeira,Vargem Grande do Sul,Itapema,Capinzal,Ampére,Santa Rosa,Regente Feijó,Martinópolis,Santa Mariana,Goianésia,Nova Trento,Mafra,São Leopoldo,Pará de Minas,Pomerode,Alexânia,Capitão Leônidas Marques,Aquidauana,Canela,Três Passos,Tanabi,Casa Branca,Araucária,Medianeira,Curitibanos,Imbituba,Chopinzinho,Barreiras,Alvorada,Ivoti,Itaberaba,Pombal,Santo Antônio de Jesus,Novo Horizonte,São Joaquim da Barra,Ivaiporã,Itapuí,Tramandaí,Jandira,Santo Augusto,Viamão,Irati,União da Vitória,Aparecida,Gramado,Parobé,Cachoeira do Sul,Jaguaruna,Nova Lima,Serrana,Uruguaiana,Teodoro Sampaio,Sidrolândia,Campo Maior,Nerópolis,Ponte Nova,Luziânia,Taguaí,Ribeirão das Neves,Divinolândia,Jardim Alegre,Indaial,Taquari,São Luís de Montes Belos,Tibagi,João Monlevade,São Jerônimo,Pires do Rio,Formiga,Dois Vizinhos,Seabra,Santo Amaro da Imperatriz,Maracaju,Sales Oliveira,Ipuã,Valparaíso,Garça,Eunápolis,Morro da Fumaça	1.8831539597755549	1.7798647270488073	4.823808881766493
Cases	cl-8	Arapiraca,Pontes e Lacerda,Conceição do Araguaia,Caçapava do Sul,Mocajuba,Xinguara,Acará,Óbidos,Brasnorte,Marituba,Peixoto de Azevedo,Maués,Uruará,Tapurah,São Gabriel da Cachoeira,Juruti,Sarzedo,Ulianópolis,Águas Lindas de Goiás,Manicoré,Itacoatiara,Brasil Novo,Santana do Araguaia,Coari,Alta Floresta,Manacapuru,Mirassol d'Oeste,Palmares,Rio Preto da Eva,São Geraldo do Araguaia,Nova Xavantina,Itupiranga,Breu Branco,São Félix do Xingu,Colinas do Tocantins,Almeirim,Jacundá,Franca,Rurópolis,Rondon do Pará,Campos de Júlio,São José do Rio Claro,Salinópolis,Monte Alegre,Alto Araguaia,Santa Maria do Pará,Alenquer,Tocantinópolis,Igarapé-Açu,Presidente Figueiredo,Vitória de Santo Antão,São José dos Quatro Marcos,Formoso do Araguaia,Canarana,Araputanga,Novo Progresso,Canaã dos Carajás,Paragominas,Rosário do Sul,Mãe do Rio,Tailândia,Ourilândia do Norte,Benevides,São Domingos do Araguaia,Barcarena,Augustinópolis,Capitão Poço,Tucuruí,Oriximiná,Curionópolis,Anapu,Rio Maria,Dom Eliseu,Aripuanã,Concórdia do Pará,Tefé,Portel,Pedro Afonso,Cametá,Novo Repartimento,Araguatins,Confresa,Nobres,Abaetetuba,Breves,Moju,Diamantino,Terra Santa,Iranduba,Tomé-Açu,Vigia,Itaituba,Bragança,Boca do Acre,Igarapé-Miri,Juara,Colniza	3.0002366887571488	2.986359216901112	3.6989561227526973
Cases	cl-2	Santo Antônio do Tauá,Santa Leopoldina,Anchieta,Vargem Alta,Vila Valério,Parnaíba,Paraíba do Sul,Gandu,Tabira,Fundão,Pedro Canário,Italva,Itacaré,Pinheiros,Jaciara,Afonso Cláudio,Três Rios,Aracruz,Iúna,Quissamã,Piúma,Ipojuca,Guarapari,Condado,Pancas,São Miguel do Guamá,Presidente Kennedy,Floriano,Santana,Pedreiras,Marilândia,Itapemirim,Casa Nova,Magé,Glória do Goitá,Piripiri,Acaraú,Igarassu,Riacho de Santana,Venda Nova do Imigrante,São Roque do Canaã,Remanso,Santa Teresa,Itapissuma,São Miguel dos Campos,Ibatiba,Iaçu,Sumidouro,Ariquemes,Guajará-Mirim,Limoeiro do Norte,Timon,Prado,Pacatuba,Santa Maria de Jetibá,Humaitá,João Alfredo,Pacajá,Campo Novo do Parecis,Água Preta,Tangará da Serra,Cariacica,Campo Verde,Mairinque,Brejo da Madre de Deus,Presidente Tancredo Neves,Ananindeua,Oiapoque,Montanha,Bom Jesus do Norte,Santana do Ipanema,Querência,Vassouras,Maranguape,Águas Belas,Carpina,Várzea Grande,Porto Franco,Marataízes,Ecoporanga,Laranjal do Jari,Guaçuí,Iconha,João Dourado,Imbé,Domingos Martins,Lucas do Rio Verde,Cachoeira Paulista,Santo Cristo	4.681276452759282	4.669159137288941	5.466855407119054
Cases	cl-3	Itamaraju,Valente,Muritiba,Araci,Morro do Chapéu,Entre Rios,Ibicaraí,Coaraci,Maragogipe,Ipiaú,Caravelas,Inhambupe,Ibotirama,Cachoeira,Itabela,Barra do Choça,Coração de Maria,São Sebastião do Passé,Santa Maria da Vitória,Poções,Jacobina,Iguaí,Cruz das Almas,Rio Real,Ituberá,Madre de Deus,Capim Grosso,Itarantim,Guanambi,Cansanção,Laje,Santo Estêvão,Xique-Xique,Condeúba,Irará,Ruy Barbosa,Nova Viçosa,Itajuípe,Uauá,Itaparica,Ubatã,Itatim,Livramento de Nossa Senhora,Afogados da Ingazeira,Jaguaquara,Curaçá,São Félix do Coribe,Medeiros Neto,Dias d'Ávila,Itiúba,Santo Amaro,Santa Cruz Cabrália,Euclides da Cunha,Belo Campo,Alcobaça,Conceição do Coité,Camacan,Amargosa,Gravatá,Itapetinga,Cândido Sales,Lavras,Catu,Mutuípe,Caetité,Lapão,Belmonte,Correntina,Bom Conselho,Miguel Calmon,Ribeira do Pombal,Una,Bom Jesus da Lapa,Conceição do Jacuípe,Amélia Rodrigues,Barra da Estiva,Uruçuca,Itanhém	2.730215507975568	2.726311036325972	3.1101047465220697
Cases	cl-7	Cidade Gaúcha,Fazenda Rio Grande,Ibaiti,Planalto,Jandaia do Sul,Imbituva,Colombo,Florestópolis,Jaguapitã,Lapa,Mamborê,Pinhais,Corbélia,Altônia,Wenceslau Braz,Ubiratã,Piên,Pitanga,Três Barras do Paraná,Santa Tereza do Oeste,São Jorge d'Oeste,Santa Isabel do Ivaí,Bituruna,Ribeirão do Pinhal,Carambeí,Ribeirão Claro,Siqueira Campos,Piraí do Sul,Andirá,Quitandinha,Realeza,Manoel Ribas,Castro,Rebouças,Coronel Vivida,Prudentópolis,Loanda,Paracatu,Terra Roxa,Engenheiro Beltrão,Matelândia,Clevelândia,Itaipulândia,Salto do Lontra,Laranjeiras do Sul,Douradina,Curiúva,Porecatu,Terra Rica,Céu Azul,Uraí,Missal,Candói,Astorga,Arapoti,Santa Terezinha de Itaipu	0.762463334891928	0.7533506817273238	0.991905699287589
Cases	cl-4	Poço Redondo,Paulo Afonso,Nossa Senhora da Glória,Poço Verde,Carira,Boquim,São Desidério,Alagoinhas,Barra dos Coqueiros,Propriá,Carmópolis,Umbaúba,Nossa Senhora das Dores,Laranjeiras,Maracás,Itaporanga d'Ajuda,Serrinha,Picos,Campo do Brito,Tobias Barreto,Senador Canedo,Salgado,Nazaré	4.961572281950682	4.947092207893388	5.872632497024828
Death	cl-13	Serra,Ribeirão Preto,Itatiba,Rio de Janeiro,Anápolis,Duque de Caxias,Sumaré,Tatuí,Pouso Alegre,Teresina,Atibaia,Jaraguá do Sul,Sapucaia do Sul,São Gonçalo,Araraquara,Salto,Marília,Itu,Mauá,Nova Iguaçu,Petrópolis,Diadema,Santo André,Teresópolis,Hortolândia,São José,Belém,Indaiatuba,Guarulhos,Guarapuava,Balneário Camboriú,Carapicuíba,Pindamonhangaba,Jardim,Três Lagoas,Fortaleza,Santa Rita,Bauru,Votuporanga,Resende,Londrina,Divinópolis,Itapira,Santa Isabel,Parauapebas,Porto Velho,Uberlândia,São Caetano do Sul,Uberaba,Taubaté,Ponta Grossa,Macaé,Recife,Presidente Prudente,Jacareí,Dom Pedrito,Itajaí,Guarujá,Santana de Parnaíba,Itajubá,Marabá,Barueri,Criciúma,Nova Friburgo,Pariquera-Açu,Blumenau,Campos dos Goytacazes,Contagem,Montes Claros,Caruaru,Altamira,São Carlos,Curvelo,Santos,Catanduva,Manaus,Nilópolis,Vitória,Sorocaba,Bento Gonçalves,Campo Grande,Redenção,Jundiaí,Governador Valadares,Lauro de Freitas,Mogi das Cruzes,Vinhedo,Barretos,Rio Branco,Valença,Maringá,Betim,Rio das Ostras,Belo Horizonte,Joinville,Jaú,Santarém,Bragança Paulista,Maceió,Goiânia,Itapetininga,Taboão da Serra,Brusque,São Luís,Caraguatatuba,Mossoró,São Bernardo do Campo,Florianópolis,Araçatuba,Dourados,Cubatão,Aparecida de Goiânia,Americana,Piracicaba,Quixeramobim,Chapecó,Itapecerica da Serra,Foz do Iguaçu,Campo Mourão,Cascavel,Niterói,São José do Rio Preto,Caxias do Sul,Paulínia,São João del Rei,Novo Hamburgo,Cotia,Salvador,Curitiba,Passo Fundo,Porto Alegre,Cuiabá,João Pessoa,Natal,Botucatu,Volta Redonda,São Paulo,Ribeirão Pires,Campinas,Juiz de Fora,Valinhos,Socorro,Santa Maria,Osasco,Aracaju	-0.7149871418421673	-1.0524736274810738	7.3631020260398525
Death	cl-5	Passos,Charqueadas,Paracambi,São Francisco de Paula,Surubim,Piratini,Ubajara,Nova Alvorada do Sul,Viçosa do Ceará,Sobral,Peruíbe,Itabuna,Itapipoca,Tijucas,Itaguaí,Canguçu,Monsenhor Tabosa,Deodápolis,Butiá,Nova Santa Rita,Limeira,Arroio do Tigre,Quaraí,Capivari,Itaqui,Extrema,Arcoverde,Bodocó,São Marcos,Itaquiraí,Arroio do Sal,Capão do Leão,Quixadá,Cambé,Escada,Rio Verde de Mato Grosso,Frederico Westphalen,São Caitano,Morada Nova,Senador Pompeu,Pentecoste,Soledade,Iguatu,Trindade,Pinheiro Machado,Lençóis Paulista,Caucaia,Assaré,Mariana,Toritama,Serra Talhada,Terra de Areia,Jaguarão,Lajedo,Bela Vista,São José do Egito,Três de Maio,Pombos,Veranópolis,Eldorado do Sul,Cerquilho,Ibirubá,Santa Vitória do Palmar,Palmital,Paulista,Novo Oriente,Vila Velha,São João da Boa Vista,São José da Coroa Grande,São Benedito,Morro Reuter,Tauá,Custódia,Dois Irmãos,Mundo Novo,Sobradinho,Entre-Ijuís,Santa Cruz do Rio Pardo,Água Clara,José Bonifácio,Floresta,Barra Mansa,Marau,Beberibe,Feliz,Praia Grande,Sertãozinho,Aurora,Santana do Acaraú,Feira Nova,Crateús,Itambé,Bela Cruz,Jaboatão dos Guararapes,Macapá,Venâncio Aires,Triunfo,São José do Belmonte,Andradina,Balneário Pinhal,Monte Mor,Irauçuba,Angatuba,Nova Petrópolis,Santo Antônio da Patrulha,Franco da Rocha,Vespasiano,Guaporé,Cruz Alta,Carlos Barbosa,São Francisco de Assis,Miguel Pereira,Guaiúba,Caieiras,Constantina,Tapes,Buíque,Descalvado,Araricá,Crissiumal,Brejo Santo,Barão,Belford Roxo,Limoeiro,Guararapes,Varginha,Cupira,Casca,Roca Sales,Santa Cruz do Capibaribe,Rio Claro,Amparo,Granja,Taquaritinga do Norte,Glória de Dourados,Palmeira das Missões,Carangola,Araxá,Campo Bom,Nova Andradina,Cedro,Capão Bonito,Cesário Lange,Cravinhos,Barbalha,Dracena,Porto Murtinho,Aliança,Caarapó,Itapevi,Vacaria,Panambi,Ipubi,Nova Russas,Itaitinga,Angélica,Batayporã,Amontada,Agudo,Francisco Morato,Além Paraíba,Candeias,Uruburetama,Itaboraí,Castanhal,Arroio do Meio,Tianguá,Camapuã,São Bento do Una,São Sebastião,Pirassununga,Barro,Restinga Sêca,Braço do Norte,Ferraz de Vasconcelos,Nova Hartz,Lagoa Vermelha,Cerqueira César,Imperatriz,Quixeré,Juazeiro do Norte,Guaraciaba do Norte,Itaquaquecetuba,Leme,Encruzilhada do Sul,Campos Sales,Cachoeiras de Macacu,Patos de Minas,Lavras da Mangabeira,Cidreira,Petrolândia,Agrestina,Aracati,Araranguá,Olinda,Russas,Três Cachoeiras,Piedade,Anastácio	0.8713620822991716	0.8144075051530189	3.1669918772716223
Death	cl-3	Petrolina,São Miguel do Iguaçu,Sarandi,Sengés,Imbituva,Linhares,Fátima do Sul,Aparecida do Taboado,Estrela,Pelotas,Três Barras do Paraná,Bandeirantes,Ilhéus,Porto Nacional,Itatinga,Barrinha,Piraju,Mococa,Primavera do Leste,Ladário,Rio Grande,Paiçandu,Barra do Garças,Umuarama,Mogi Guaçu,São Gabriel,Campo Largo,Navegantes,Francisco Beltrão,Rancharia,Ourinhos,Palotina,Santa Bárbara d'Oeste,Montenegro,Santo Ângelo,Campo Limpo Paulista,Gravataí,Ubatuba,Laranjal Paulista,Lajeado,Biguaçu,Américo Brasiliense,Lins,Içara,Goioerê,Barra do Piraí,Torres,Vitória da Conquista,São Miguel do Oeste,Bariri,Cachoeirinha,Várzea Alegre,Cassilândia,Caconde,Boa Vista,Paranaíba,Monte Alto,Campina Grande,São Vicente,Taquaritinga,Jequié,Votorantim,Três Corações,Araruama,Gurupi,Maricá,Itanhaém,Cajamar,Arujá,Ilha Solteira,Rio Bonito,Sete Lagoas,Capão da Canoa,Cabo de Santo Agostinho,Salto de Pirapora,Arapongas,Guaratinguetá,Bertioga,Guariba,Guaraí,Rio Verde,Leopoldina,Caçapava,Colina,Muriaé,Araruna,Saquarema,Cajazeiras,Boituva,Louveira,Campos do Jordão,Pato Branco,Registro,Rondonópolis,Cosmópolis,Sonora,São José do Rio Pardo,Juazeiro,Corumbá,Rio Brilhante,Avaré,Caçador,Santa Rosa de Viterbo,Assis Chateaubriand,Paranaguá,Astorga,Garibaldi,Encantado,Ituverava,Angra dos Reis,Tubarão,Pinhais,Corbélia,Timbó,Ubiratã,Cabo Frio,Palmas,Miracema do Tocantins,Porto Feliz,Paranavaí,Santo Antônio do Sudoeste,Mairiporã,Guaxupé,Ipatinga,Catalão,Patos,Cáceres,Capanema,Barbacena,Mirandópolis,Matelândia,Lorena,Costa Rica,Terenos,Apucarana,Borborema,Araras,Jales,Canoas,Araguaína,Rio do Sul,São Gonçalo do Amarante	0.6132826649596903	0.4732653662665916	4.859163643276983
Death	cl-4	Bom Sucesso,Bacabal,Sento Sé,Baixo Guandu,Rio Bananal,Viana,Catolé do Rocha,Presidente Dutra,Itambacuri,Porto Real,Arealva,Castro Alves,Bom Jesus do Itabapoana,São Gabriel da Palha,Vila Rica,Vitória do Mearim,Congonhas,Balsas,Barra do Corda,Caxias,Touros,Jucurutu,Vicência,Grajaú,Mutum,Barão de Cocais,Chapadinha,Malacacheta,Mari,Pimenta Bueno,Itaguara,Junqueirópolis,Santo Antônio de Goiás,Codó,Campina Verde,Porciúncula,Riachão do Jacuípe,Nova Venécia,Nazaré,Lago da Pedra,Rio dos Cedros,Boa Esperança,São João dos Patos,Jarinu,Santa Rita de Cássia,Barreirinhas,Picuí,Goianésia do Pará,Itabaianinha,Itapecuru Mirim,Torrinha,São Felipe,Canápolis,Zé Doca,Santa Inês,Juína,Carinhanha,Bom Jesus,Ipueiras,Guajará-Mirim,Itabirito,Charqueada,Aguaí,Vitorino Freire,Jaraguá,São José de Ribamar,Pedras de Fogo,Campestre,Colinas,Simão Dias,São Raimundo das Mangabeiras,Oeiras,Açailândia,Capela,Sooretama,Barra de São Francisco,Santa Juliana,Sapé,São Miguel,Coroatá,São Raimundo Nonato,Barra do Bugres,Canindé de São Francisco,Montividiu,Marechal Floriano,Monte Alegre de Minas,Alegre,Paraí,Sumé,Viradouro,Mucuri,Conselheiro Pena,Araçuaí	5.820884047660415	5.818361842847692	6.047353959787285
Death	cl-10	Mineiros do Tietê,Taquarituba,Campinorte,Ituporanga,Santa Luzia,Itirapina,Adamantina,Marechal Deodoro,Palhoça,Xaxim,Bataguassu,Nova Esperança,Posse,Orizona,Ribas do Rio Pardo,Eldorado,União dos Palmares,Piraí,Canelinha,Jardim de Piranhas,Bela Vista de Goiás,Campo Alegre,Caicó,Tambaú,Pontal,Caraúbas,Piratininga,Rubiataba,Caiapônia,Osvaldo Cruz,Caçu,Jussara,Corumbaíba,São Manuel,Alumínio,São Pedro,Massaranduba,Cachoeiro de Itapemirim,Sanclerlândia,Guarabira,Goianinha,Guapiara,Silvânia,Miranda,Itaporã,Colinas do Tocantins,Apiaí,Pinheiro,Novo Gama,São Roque,Orleans,Ivinhema,Camboriú,Piranhas,Girau do Ponciano,Artur Nogueira,Campos Belos,Mamanguape,São Cristóvão,São Paulo do Potengi,João Câmara,São João Batista,Vianópolis,Jaguaruana,Papanduva,Macaíba,Colatina,Guapó,Guia Lopes da Laguna,Viçosa,Cachoeira Alta,Porto União,Goiatuba,Palmeira,Guará,Cabreúva,Vargem Grande do Sul,Paraíso do Norte,Flórida Paulista,Santo Antônio,São José da Laje,São Francisco do Conde,Goianésia,Delmiro Gouveia,Rio Largo,Panorama,Nova Trento,Itapaci,Palmeiras de Goiás,Alexânia,Tupi Paulista,Colíder,Ervália,Iguatemi,Maracanaú,Propriá,Capitão Leônidas Marques,Brasilândia,Guaranésia,Extremoz,Palmeira dos Índios,Imbituba,Cristalina,Dianópolis,Araçariguama,Cataguases,Maragogi,Piracanjuba,Cidade Ocidental,Ivoti,Goianápolis,Uruaçu,Itapuí,Concórdia,Frutal,Rio Pardo,Armazém,Jandira,Santo Augusto,Ipameri,Teotônio Vilela,Itaobim,Ji-Paraná,Santo Antônio do Descoberto,Murici,Igarapava,Teodoro Sampaio,Carmópolis,Sidrolândia,Guararema,Divinolândia,Iporã do Oeste,Porto Calvo,Maravilha,Macau,Anicuns,Monteiro,Simões Filho,Canoinhas,Seabra,Rialma,Santo Amaro da Imperatriz,São Gabriel do Oeste,Valparaíso,Xanxerê	2.4935624570843435	2.4633846374143498	3.7057133806550038
Death	cl-9	Tanguá,Ribeirão,Maués,Tabira,Lagoa do Carro,Italva,São Gabriel da Cachoeira,Aperibé,Engenheiro Paulo de Frontin,Quatis,Sirinhaém,Três Rios,Sinop,Cabrobó,Nova Mutum,Manicoré,Itacoatiara,Areal,Betânia,Macaparana,Coari,Palmares,Rio Preto da Eva,Condado,Mendes,Carapebus,Armação dos Búzios,Salgueiro,Ouro Fino,Chã Grande,Camocim de São Félix,Mangaratiba,Paty do Alferes,Catende,Rio Formoso,Santa Maria da Boa Vista,Glória do Goitá,Guapimirim,Paudalho,Monte Santo de Minas,Presidente Figueiredo,Timbaúba,Vitória de Santo Antão,Poá,Camaragibe,Sumidouro,Canhotinho,Moreno,Altinho,Santo Antônio do Monte,Itatiaia,Humaitá,João Alfredo,Iguaba Grande,Sapucaia,Aripuanã,Gravatá,Mombaça,São Francisco de Itabapoana,Brejo da Madre de Deus,Tefé,Araçoiaba,Riacho das Almas,Valparaíso de Goiás,Vertentes,São Lourenço da Mata,Canindé,Portão,Orobó,São Mateus,Águas Belas,Carpina,Diamantino,Passira,Suzano,Iranduba,Exu,Sanharó,Imbé,Boca do Acre,Parintins,Colniza,Santo Cristo	3.151030777355704	3.13800167788583	4.056520344595479
Death	cl-11	Poço Redondo,Paranapanema,Álvares Machado,Guamaré,Indiara,Itaberaí,Conchas,Laranjeiras,Niquelândia,Serrinha,Piraquara,Serra Negra,Goiás,Itaí,Guaraniaçu,Tobias Barreto,Agrolândia,São Miguel Arcanjo,Nonoai,Várzea Paulista,Santa Helena de Goiás,Eugenópolis,Paulo Afonso,Itanhandu,Cocalzinho de Goiás,São Desidério,São Bento,Três Barras,Sousa,Brotas,Morro Agudo,Santa Bárbara,Lagoa Santa,Cruzeiro do Oeste,Porangatu,Cabedelo,Goianira,São Mateus do Sul,Maracás,Nova Aurora,Edéia,Serra Branca,São Sebastião do Caí,Santa Cruz,Irecê,São Sebastião da Grama,São José de Mipibu,Januária,Tapera,Getúlio Vargas,Pedra Azul,Itapuranga,Martinópolis,Nossa Senhora da Glória,Inhumas,Pirenópolis,Poço Verde,Aragarças,Pomerode,Acreúna,Ibaté,Turvo,Buriti Alegre,Tanabi,Umbaúba,Casa Branca,Santa Helena,Itaporanga d'Ajuda,Chã Preta,Bayeux,Alagoa Grande,Jaboticabal,Hidrolândia,Orlândia,Campo do Brito,Jaguariaíva,Conchal,Pesqueira,Castelo,Currais Novos,Carira,Santa Izabel do Oeste,Boquim,Apodi,Alagoinhas,Barra dos Coqueiros,Sabará,Antônio Prado,Nossa Senhora das Dores,Itaperuçu,Videira,Presidente Getúlio,Picos,Almenara,Monte Carmelo,Pires do Rio,Iporá,Três Coroas,Itaiópolis,Princesa Isabel,Senador Canedo,Cajuru,Salgado,Garça,Bom Jesus de Goiás,Andradas	4.086655236941597	4.066800536932341	5.050766000947995
Death	cl-2	Ipanema,Passa Quatro,Antônio Carlos,Carmo do Rio Claro,Penápolis,Rio Piracicaba,São Roque de Minas,Santa Maria de Itabira,Teixeiras,Maria da Fé,Boa Viagem,Corinto,Alpinópolis,Serro,Caldas,São João Evangelista,Matozinhos,Barroso,Alterosa,Caxambu,Vazante,Ibiraci,Alvinópolis,Bom Despacho,Bocaiúva,São Gonçalo do Rio Abaixo,Elói Mendes,Jacobina,Guapé,Rio Pomba,São Domingos do Prata,Bicas,Matias Barbosa,Monte Sião,Borda da Mata,Campanha,Dores do Indaiá,Cláudio,Salinas,Itupeva,Iturama,Dois Córregos,Raul Soares,São Gonçalo do Sapucaí,Carmo do Paranaíba,Jacutinga,Itamonte,Botelhos,Coração de Jesus,Porteirinha,Perdizes,Tupã,Martinho Campos,Ouricuri,Japeri,Carlos Chagas,Mantena,Itaú de Minas,Matão,Monte Azul,Lagoa Formosa,Felixlândia,Areado,Jequitinhonha,Juatuba,São João Nepomuceno,Mar de Espanha,Campos Altos,Manhumirim,Estiva,Carmo de Minas,Resende Costa,Capitólio,Ouro Preto,Coromandel,Rio Paranaíba,Nova Era,Pompéu,Casimiro de Abreu,Nova Resende,Serra do Salitre,Congonhal,Conceição do Mato Dentro,Muzambinho,Perdões	1.7355947547375592	1.724866992564073	2.1978460045435506
Death	cl-7	Lages,Manhuaçu,Camaçari,Jataí,Itararé,Estância Velha,Camaquã,Joaquim Távora,São Sebastião do Paraíso,Formosa,Fernandópolis,Mangueirinha,Marechal Cândido Rondon,Timóteo,Caratinga,Teutônia,Santa Cruz do Sul,Erechim,Paraguaçu Paulista,Rolândia,Teófilo Otoni,Ibiporã,Toledo,Itápolis,Unaí,Cândido Mota,Alfenas,Tenente Portela,Santa Cruz das Palmeiras,Castilho,Guaíba,Tietê,Parnamirim,Mineiros,Itumbiara,Porto Seguro,Porto Ferreira,Gaspar,Caldas Novas,Esteio,Jacarezinho,Amambai,Bagé,Rio das Pedras,Cruzeiro do Sul,Pedreira,Alegrete,Crato,São Luiz Gonzaga,Itapeva,Bezerros,Araripina,Coronel Fabriciano,Pirapora,Telêmaco Borba,Rio Branco do Sul,Ituiutaba,Nossa Senhora do Socorro,Terra Boa,Feira de Santana,Presidente Epitácio,Conselheiro Lafaiete,São Borja,Agudos,Colorado,São Lourenço,Três Pontas,Nova Santa Rosa,Pederneiras,Ubá,Sorriso,Pau dos Ferros,Guaíra,Osório,Carazinho,Cornélio Procópio,Santa Fé do Sul,Sapiranga,São Bento do Sul,Jaguariúna,Chapadão do Sul,São Francisco do Sul,Itapema,Capinzal,Farroupilha,Ampére,Santa Rosa,Regente Feijó,Olímpia,Santa Mariana,Itabaiana,Mafra,Visconde do Rio Branco,São Leopoldo,Pará de Minas,Santiago,Nova Odessa,Batatais,Ijuí,Aquidauana,Araguari,Janaúba,Canela,Três Passos,Ponta Porã,Patrocínio,Medianeira,Araucária,Curitibanos,Estância,Chopinzinho,João Pinheiro,Barreiras,Alvorada,Santo Antônio da Platina,Itaberaba,Ibitinga,Promissão,Santo Antônio de Jesus,Lagarto,Novo Horizonte,São Joaquim da Barra,Ivaiporã,Tramandaí,Barra Bonita,Teixeira de Freitas,Itabira,Viamão,Irati,União da Vitória,Espírito Santo do Pinhal,Aparecida,Gramado,Parobé,Cachoeira do Sul,Jaguaruna,Nova Lima,Serrana,Uruguaiana,Itaperuna,Campo Maior,Campina Grande do Sul,Ponte Nova,Nerópolis,Quedas do Iguaçu,Luziânia,Taguaí,Ribeirão das Neves,Jardim Alegre,Indaial,Taquari,Ibirité,São José dos Pinhais,São Luís de Montes Belos,Lagoa da Prata,Embu-Guaçu,Tibagi,João Monlevade,São Jerônimo,Formiga,Dois Vizinhos,Joaçaba,Naviraí,Maracaju,Coxim,Sales Oliveira,Poços de Caldas,Ipuã,Pombal,Eunápolis,Morro da Fumaça	1.349711914763618	1.205402457835023	5.338351236797156
Death	cl-17	Manacapuru,Mirassol d'Oeste,Igarapé-Açu,Concórdia do Pará,Pontes e Lacerda,Conceição do Araguaia,Caçapava do Sul,São Geraldo do Araguaia,Tucumã,Nova Xavantina,Mocajuba,Portel,Itupiranga,Breu Branco,São José dos Quatro Marcos,Cametá,São Félix do Xingu,Canarana,Acará,Araputanga,Óbidos,Novo Progresso,Brasnorte,Novo Repartimento,Almeirim,Canaã dos Carajás,Paragominas,Jacundá,Confresa,Marituba,Peixoto de Azevedo,Franca,Abaetetuba,Garanhuns,Mãe do Rio,Tailândia,Rurópolis,Rondon do Pará,Uruará,Tapurah,Cacoal,Breves,Campos de Júlio,Juruti,Moju,Ourilândia do Norte,Ulianópolis,São José do Rio Claro,Terra Santa,Salinópolis,Benevides,São Domingos do Araguaia,Barcarena,Monte Alegre,Vigia,Alenquer,Itaituba,Augustinópolis,Santa Maria do Pará,Bragança,Brasil Novo,Capitão Poço,Tucuruí,Oriximiná,Curionópolis,Anapu,Rio Maria,Santana do Araguaia,Dom Eliseu,Juara,Alta Floresta	2.760521321780676	2.743626290476883	3.562712495445112
Death	cl-12	Ilha Comprida,Cordeirópolis,Itajobi,Pirajuí,São João da Barra,Ariranha,Luís Antônio,Paraibuna,Boa Esperança do Sul,Pardinho,Mirassol,Buritama,Santa Branca,Ibirá,Monte Azul Paulista,Mongaguá,Bady Bassitt,Tabapuã,Pinheiral,Vera Cruz,Rinópolis,Pradópolis,Cajati,Itaberá,Bom Jesus dos Perdões,Duartina,Jaci,Santa Rita do Passa Quatro,Pindorama,Parapuã,Bernardino de Campos,Nova Granada,Nova Aliança,Ipiguá,Santa Adélia,Monte Aprazível,Iracemápolis,Pirangi,Guareí,Palestina,Dumont,Cardoso,Rincão,Iperó,Jardinópolis,Juquitiba,Nova Europa,Pirapozinho,Assis,Vargem Grande Paulista,Urânia,Ribeirão Branco,Águas de Lindóia,Fartura,Bálsamo,Bofete,Pereira Barreto,Dourado,Águas da Prata,Cianorte,Severínia,Mesquita,Nhandeara,Mirante do Paranapanema,Iguape,Chavantes,Miguelópolis,Cedral,Pacaembu,Valentim Gentil,Engenheiro Coelho,Getulina,Buri,Estrela d'Oeste,Joanópolis,Sete Barras,Ouroeste,Itaporanga,Nazaré Paulista,Herculândia,São Simão,Itariri,Palmares Paulista,Guapiaçu,Salto Grande	1.0964826882888699	1.084830529611693	1.4636838042303528
Death	cl-14	Arapiraca,São Miguel do Guaporé,Santo Antônio do Tauá,Cuité,Xinguara,São Joaquim de Bicas,Queimadas,Barreiros,Paraíba do Sul,Canguaretama,Ouro Preto do Oeste,Alagoa Nova,Ceará-Mirim,Prata,Aimorés,Mata de São João,Água Boa,Sarzedo,Águas Lindas de Goiás,Rolim de Moura,Aracruz,Buritis,Quissamã,Alhandra,Guarapari,Ingá,Fraiburgo,Pedreiras,Presidente Médici,Jaru,Alto Araguaia,Canavieiras,Conceição da Feira,Planaltina,Piripiri,Tocantinópolis,Quirinópolis,Camocim,Pão de Açúcar,Bom Jardim,Igarassu,Coruripe,Formoso do Araguaia,Pilar,Cafelândia,Macatuba,São Miguel dos Campos,Rosário do Sul,Mateus Leme,Alto do Rodrigues,Assaí,Solânea,Ariquemes,Colorado do Oeste,Limoeiro do Norte,Timon,Nova Mamoré,Junqueiro,Ilhabela,Pacajá,Campo Novo do Parecis,Areia Branca,Ibiúna,Penedo,Ananindeua,Pedro Afonso,Nanuque,Paraíso do Tocantins,Santana do Ipanema,Querência,Capelinha,Maranguape,Araguatins,Nobres,São Francisco do Guaporé,Santa Rita do Sapucaí,Tabatinga,Ceres,Várzea Grande,Porto Franco,Rio Tinto,Tomé-Açu,Capinópolis,Senhor do Bonfim,Nova Cruz,Igarapé-Miri,Cachoeira Paulista,Vilhena	4.207242338667939	4.19391453068473	5.153430182022702
Death	cl-1	Jaíba,Pedralva,Brasília de Minas,Cristais,Campo Belo,Divino,Cambuí,Cruzília,Lavras,Novo Cruzeiro,Esmeraldas,Medina,Diamantina,Itaúna,Carmópolis de Minas,Cruzeiro,Belo Oriente,Camanducaia,Francisco Sá,Igarapé,Sacramento,São Gotardo,Minas Novas,Fronteira,Prados,Caetanópolis,Guanhães,Resplendor,São José da Lapa,Pirapetinga,Arcos,Padre Paraíso,Poço Fundo,Entre Rios de Minas,Nova Ponte,Abaeté,Tupaciguara,Cássia,Águas Formosas,Caeté,Três Marias,Lima Duarte,Cambuquira,Machado,Rio Acima,Inhapim,Paraisópolis,Turmalina,Santos Dumont,Juruaia,Espinosa	2.022744082546936	2.0149000412626465	2.4713245403148134
Death	cl-15	Dionísio Cerqueira,Paraguaçu,Rosana,Piumhi,Rio Negrinho,General Salgado,Santo Anastácio,Piracaia,Potirendaba,Nepomuceno,Urubici,Jaboticatubas,Presidente Venceslau,Tapiratiba,Campos Novos,Araporã,Abelardo Luz,Bocaina,Santa Cecília,Lucélia,Patrocínio Paulista,Guaraciaba,Ibirama,Otacílio Costa,Araquari,Balneário Barra do Sul,São Lourenço do Oeste,Urussanga,Taió,São José do Cedro,Várzea da Palma,Luiz Alves,Pouso Redondo,Itapiranga,Belo Jardim,Uchoa,Coronel Freitas,Herval d'Oeste,Presidente Bernardes,Lambari,Campo Erê,Mauriti,Bombinhas,Barra Velha,Quilombo,Oliveira,São Joaquim,Ribeirão Bonito,Cajobi,Pinhalzinho,Pilar do Sul,Jacinto Machado,Bebedouro,Pirapora do Bom Jesus,Pedro Leopoldo,Conceição das Alagoas,Sombrio,Faxinal dos Guedes,Ouro Branco,Itá,Altinópolis,Cunha Porã,Irani,Baependi,Nova Serrana,Maracaí,Luzerna,Penha,Itamogi,Pitangueiras,Itapoá,Garuva,Guaramirim,Corupá,Bastos,Trombudo Central,Brumadinho,Igaratá,Conceição de Macabu,Palmitos	2.2597149169212374	2.247120930350477	2.7082138170228727
Death	cl-6	Cariacica,Campo Verde,Mairinque,Iúna,Riacho de Santana,Oiapoque,Alfredo Chaves,Santa Leopoldina,Anchieta,Vargem Alta,Ipojuca,Piúma,Montanha,Vila Valério,Venda Nova do Imigrante,Bom Jesus do Norte,Parnaíba,São Roque do Canaã,Pancas,Santa Teresa,São Miguel do Guamá,Vassouras,Itapissuma,Presidente Kennedy,Ibatiba,Floriano,Jaguaré,Fundão,Pedro Canário,Santana,Pinheiros,Jaciara,Marilândia,Marataízes,Ecoporanga,Afonso Cláudio,Itapemirim,Laranjal do Jari,Guaçuí,Iconha,Magé,Pacatuba,Santa Maria de Jetibá,Domingos Martins,Tangará da Serra,Lucas do Rio Verde,Acaraú,Água Preta	4.791845150555379	4.782233876591139	5.319069491313586
Death	cl-0	Nova Bassano,Pereiro,Independência,Massapê,Queimados,Tuparendi,Morrinhos,São Pedro do Sul,Cerro Largo,Horizontina,Marco,Itaocara,Fortim,Ipaussu,Chapada,São José do Norte,Lagoa dos Gatos,Santo Antônio de Pádua,Rio Grande da Serra,Tabuleiro do Norte,Espumoso,Bom Princípio,Ibiapina,Horizonte,Não-Me-Toque,Palmares do Sul,Abreu e Lima,Barreira,Seberi,Salto do Jacuí,Giruá,Aquiraz,Paraipaba,Flores da Cunha,Trairi,São Lourenço do Sul,Santa Quitéria,Carmo,Silva Jardim,Cambuci,Sananduva,Tapejara,Missão Velha,Igrejinha,Barra do Ribeiro,Candelária,Bonito,Iacanga,Laguna,Serafina Corrêa,Iracema,Bom Retiro do Sul,Jucás,Salesópolis,Nova Prata,Frecheirinha,Cantagalo,São Sepé,Taquara,Arroio Grande,Eusébio,Queluz,Itarema,Seropédica,Forquilha,São Pedro da Aldeia,Mostardas,Jaguaribe,Tupanciretã,Varjota,Cruz,Rolante,Comendador Levy Gasparian,Júlio de Castilhos,Tamboril,Icapuí,Acopiara,Salvador do Sul,Tamandaré,Reriutaba,Jijoca de Jericoacoara,Icó,Nazaré da Mata,Auriflama	1.9918693803269487	1.9812945289535466	2.4023407788312174
Death	cl-8	Itamaraju,Presidente Tancredo Neves,São Sebastião do Passé,Uauá,Santa Maria da Vitória,Valente,Itapetinga,Poções,Pojuca,Campo Formoso,Itaparica,Morro do Chapéu,Remanso,Ubatã,Itatim,Entre Rios,Mutuípe,Afogados da Ingazeira,Ibicaraí,Rio Real,Ituberá,Caetité,Cruz das Almas,Maragogipe,Correntina,Gandu,São Félix do Coribe,Medeiros Neto,Guanambi,Ipiaú,Iaçu,Dias d'Ávila,Itacaré,Bom Conselho,Miguel Calmon,Santo Estêvão,Inhambupe,Condeúba,Casa Nova,Prado,Belo Campo,Alcobaça,Irará,João Dourado,Conceição do Jacuípe,Amélia Rodrigues,Cachoeira,Barra da Estiva,Uruçuca,Camacan,Amargosa,Itajuípe,Itanhém	2.8625431765329648	2.857142558815778	3.272714023954553
Death	cl-18	Cidade Gaúcha,Fazenda Rio Grande,Ibaiti,Planalto,Jandaia do Sul,Colombo,Jaguapitã,Florestópolis,Lapa,Mamborê,Altônia,Wenceslau Braz,Pitanga,Piên,Santa Tereza do Oeste,São Jorge d'Oeste,Santa Isabel do Ivaí,Bituruna,Ribeirão do Pinhal,Carambeí,Ribeirão Claro,Siqueira Campos,Piraí do Sul,Andirá,Quitandinha,Realeza,Manoel Ribas,Castro,Rebouças,Coronel Vivida,Prudentópolis,Loanda,Paracatu,Terra Roxa,Engenheiro Beltrão,Clevelândia,Itaipulândia,Salto do Lontra,Laranjeiras do Sul,Douradina,Curiúva,Porecatu,Terra Rica,Céu Azul,Uraí,Missal,Candói,Arapoti,Santa Terezinha de Itaipu	0.7861081515628683	0.7778211165612856	0.9754252657193362
Death	cl-16	Itabela,Barra do Choça,Coração de Maria,Muritiba,Araci,Cândido Sales,Catu,Iguaí,Livramento de Nossa Senhora,Coaraci,Jaguaquara,Lapão,Curaçá,Belmonte,Madre de Deus,Capim Grosso,Itarantim,Itiúba,Santo Amaro,Caravelas,Cansanção,Laje,Santa Cruz Cabrália,Ribeira do Pombal,Xique-Xique,Una,Ibotirama,Euclides da Cunha,Conceição do Coité,Bom Jesus da Lapa,Ruy Barbosa,Nova Viçosa	2.8875825412365375	2.886977375762187	2.972606158605175
residential	cl-12	Rio de Janeiro,Camaçari,Sobral,Itabuna,Pelotas,Parnaíba,Ilhéus,Teresina,Mauá,Rio Grande,Diadema,Santo André,Belém,Guarulhos,Guaíba,Parnamirim,Caucaia,Porto Seguro,Esteio,Gravataí,Bagé,Paulo Afonso,Fortaleza,Porto Velho,São Caetano do Sul,Macaé,Recife,Floriano,Pimenta Bueno,Santana de Parnaíba,Barueri,Campos dos Goytacazes,Jaboatão dos Guararapes,Santos,Vitória,Igarassu,Bertioga,Leopoldina,Franco da Rocha,Jundiaí,Lauro de Freitas,Mogi das Cruzes,Itabaianinha,Rio Branco,Caieiras,Rio das Ostras,Belo Horizonte,Santarém,Bom Jesus,Goiânia,Taboão da Serra,Alvorada,São Bernardo do Campo,Ilhabela,Florianópolis,Oeiras,Viamão,Cariacica,Ananindeua,Itapevi,São Lourenço da Mata,Osasco,Alagoinhas,Itapecerica da Serra,Vassouras,Nova Lima,Maranguape,Niterói,Francisco Morato,São Raimundo Nonato,Mairiporã,Cotia,Salvador,Curitiba,Cuiabá,Porto Alegre,Picos,Natal,Simões Filho,São Paulo,Ribeirão Pires,Campinas,Juiz de Fora,Canoas,Valinhos,Olinda,João Pessoa,Aracaju	1.0738366028456516	0.830108008061283	9.111663172785223
residential	cl-11	Serra,Petrolina,Sento Sé,Ribeirão Preto,Itatiba,Baixo Guandu,Anápolis,Peruíbe,Duque de Caxias,Itararé,Sumaré,Camaquã,Estância Velha,Santa Luzia,Limeira,Fernandópolis,Atibaia,Sapucaia do Sul,Timóteo,Paraíba do Sul,São Gonçalo,Araraquara,Salto,Marília,Santa Cruz do Sul,Itu,Nova Iguaçu,Petrópolis,Serrinha,Teófilo Otoni,Teresópolis,Hortolândia,São José,Águas Lindas de Goiás,Indaiatuba,Campo Largo,Caicó,Balneário Camboriú,Caldas Novas,Aracruz,Montenegro,Carapicuíba,Campo Limpo Paulista,Várzea Paulista,Ubatuba,Congonhas,São Pedro,Bauru,Resende,Cachoeiro de Itapemirim,Londrina,Divinópolis,Pedreira,Paulista,Ipojuca,Crato,Itapeva,Vila Velha,Santa Isabel,Guarapari,Uberlândia,Nossa Senhora do Socorro,Barra do Piraí,Torres,Taubaté,Ponta Grossa,Uberaba,Vitória da Conquista,Barão de Cocais,Brotas,São Roque,Conselheiro Lafaiete,Feira de Santana,Franca,Jacareí,São Borja,Lagoa Santa,Guarujá,São Lourenço,Boa Vista,São Cristóvão,Campina Grande,Barra Mansa,Santo Antônio de Goiás,São Vicente,Nova Friburgo,Blumenau,Assis,Jequié,Votorantim,Três Corações,Irecê,Araruama,Sorriso,Itupeva,Contagem,Osório,Caruaru,Montes Claros,Riachão do Jacuípe,São Carlos,Januária,Sapiranga,Curvelo,Jaguariúna,Maricá,Itanhaém,Macapá,Cabreúva,Itapema,Cajamar,Arujá,Rio Bonito,Quirinópolis,Olímpia,Manaus,Nilópolis,Sete Lagoas,Cabo de Santo Agostinho,Guaratinguetá,Jarinu,Sorocaba,Bento Gonçalves,Poá,São Leopoldo,Caçapava,Santiago,Nova Odessa,Campo Grande,Governador Valadares,Vinhedo,Maracanaú,Valença,Ibaté,Saquarema,Canela,Maringá,Betim,Garanhuns,São Felipe,Campos do Jordão,Joinville,Bragança Paulista,Tupã,Registro,Maceió,Carinhanha,Ipueiras,Belford Roxo,Limoeiro do Norte,Itabirito,Estância,Jaraguá,Barreiras,São Luís,Cataguases,Caraguatatuba,Corumbá,Jaboticabal,Mossoró,Orlândia,Pacatuba,Santo Antônio de Jesus,Lagarto,Araçatuba,Tramandaí,Teixeira de Freitas,Frutal,Paranaguá,Cubatão,Aparecida de Goiânia,Jandira,Americana,Capela,Campo Verde,Dracena,Piracicaba,Angra dos Reis,Valparaíso de Goiás,Tubarão,Aparecida,Lavras,Gramado,Cabo Frio,Foz do Iguaçu,São José do Rio Preto,Uruguaiana,Caxias do Sul,Guararema,Itaboraí,Castanhal,Campina Grande do Sul,Ponte Nova,Luziânia,Paulínia,Canindé de São Francisco,Catalão,Cáceres,São Sebastião,Ribeirão das Neves,São João del Rei,Novo Hamburgo,Barbacena,Várzea Grande,Ibirité,Passo Fundo,Montividiu,Ferraz de Vasconcelos,Embu-Guaçu,João Monlevade,Suzano,Botucatu,Formiga,Itaquaquecetuba,Leme,Volta Redonda,Lucas do Rio Verde,Viradouro,Poços de Caldas,Mucuri,Santa Maria,Eunápolis,Parobé	1.3049358537000206	1.1151844708030445	7.055614292608045
residential	cl-0	Arapiraca,Lages,Manhuaçu,Linhares,Taquarituba,Álvares Machado,Rio Bananal,Estrela,Guamaré,Jataí,Itaguaí,Adamantina,Penápolis,Tatuí,Formosa,Pouso Alegre,Jaraguá do Sul,Barreiros,Caratinga,Extrema,Teutônia,Catolé do Rocha,Erechim,Mococa,Primavera do Leste,Paraguaçu Paulista,Rolândia,Toledo,Umuarama,Mogi Guaçu,Serra Negra,Arealva,Iguatu,Afonso Cláudio,Castro Alves,Alfenas,Itaí,Tietê,Guarapuava,Itumbiara,Lençóis Paulista,Nova Mutum,Ourinhos,Osvaldo Cruz,Porto Ferreira,Santa Bárbara d'Oeste,Santa Helena de Goiás,Santo Ângelo,Jacarezinho,São Manuel,Pindamonhangaba,Lajeado,Biguaçu,Rio das Pedras,Lins,Guarabira,Araripina,Coronel Fabriciano,Parauapebas,São João da Boa Vista,Telêmaco Borba,Novo Gama,Bariri,Presidente Epitácio,Presidente Prudente,Mari,Itajaí,Agudos,Cruzeiro do Oeste,Porangatu,Cabedelo,Artur Nogueira,Santa Cruz do Rio Pardo,São Mateus do Sul,Monte Alto,Junqueirópolis,Marau,Pederneiras,Criciúma,Sertãozinho,Ubá,Colatina,São Sebastião da Grama,Guaíra,Carazinho,Altamira,Planaltina,Cornélio Procópio,Santa Fé do Sul,Chapadão do Sul,Nova Venécia,São Francisco do Sul,Vargem Grande do Sul,Laguna,Farroupilha,Catanduva,Martinópolis,Andradina,Santa Rosa,Itabaiana,Rio dos Cedros,Goianésia,Salto de Pirapora,Inhumas,Rio Verde,Pará de Minas,Aragarças,Pomerode,Batatais,Picuí,Ijuí,Barretos,Muriaé,Araguari,Janaúba,Boituva,Torrinha,Cajazeiras,Patrocínio,Ponta Porã,Tanabi,Louveira,Casa Branca,Pato Branco,Araucária,Jaú,Canápolis,Imbituba,Cosmópolis,Bebedouro,Matão,Charqueada,Itapetininga,Aguaí,Bayeux,Varginha,São José do Rio Pardo,Juazeiro,Pedras de Fogo,Hidrolândia,Ivoti,Avaré,Ibitinga,Promissão,Novo Horizonte,São Joaquim da Barra,Amparo,Dourados,Barra Bonita,Campo Novo do Parecis,Tangará da Serra,Garibaldi,Ibiúna,Barbalha,Mairinque,Sooretama,Ituverava,Espírito Santo do Pinhal,Alfredo Chaves,Vacaria,Santa Izabel do Oeste,Chapecó,Cachoeira do Sul,Campo Mourão,Cascavel,Serrana,Palmas,Sapé,Cruzeiro,São Mateus,Jaguaré,Porto Feliz,Itaperuna,Sabará,Guaxupé,Ipatinga,Tianguá,Patos,Pirassununga,Videira,São José dos Pinhais,Marechal Floriano,São Luís de Montes Belos,Lagoa da Prata,Monte Carmelo,Senhor do Bonfim,Iporá,Três Coroas,Joaçaba,Naviraí,Apucarana,Senador Canedo,Araras,Jales,Araguaína,Socorro,Araranguá,Araçuaí,Garça,Andradas	1.8388257414373812	1.7065326611753187	5.314788338957629
residential	cl-16	Bom Sucesso,Passos,Bacabal,Sarandi,Itapipoca,Piumhi,São Joaquim de Bicas,São Sebastião do Paraíso,Viana,Arcoverde,Presidente Dutra,Itambacuri,Barra do Garças,Porto Real,Unaí,Três Rios,Trindade,Mariana,Serra Talhada,Vitória do Mearim,Três Lagoas,Balsas,Santa Rita,Barra do Corda,Américo Brasiliense,Votuporanga,Caxias,Touros,Alegrete,Bezerros,Pirapora,Ituiutaba,Grajaú,Malacacheta,Três Pontas,Salgueiro,Santana,Itajubá,Marabá,Codó,Macaíba,Crateús,Porciúncula,Gurupi,Lago da Pedra,Visconde do Rio Branco,São João dos Patos,Vitória de Santo Antão,Barreirinhas,Oliveira,Canaã dos Carajás,Paragominas,Goianésia do Pará,Itapecuru Mirim,Camaragibe,Mateus Leme,Aquidauana,Zé Doca,Santa Inês,Juína,Japeri,Rondonópolis,Moreno,Timon,Limoeiro,João Pinheiro,São José de Ribamar,Barcarena,Campestre,Colinas,Tucuruí,São Raimundo das Mangabeiras,Araxá,Açailândia,Itabira,Gravatá,Capão Bonito,Conchal,Pesqueira,Quixeramobim,Paraíso do Tocantins,Coroatá,Candeias,Barra do Bugres,Carpina,Casimiro de Abreu,Juazeiro do Norte,Patos de Minas,Brumadinho,Paraí,Aracati,Imperatriz	3.0963851973869114	3.0266643982261567	5.945457157529221
residential	cl-3	Cuité,Queimadas,Indiara,Itaberaí,Piracaia,Nova Esperança,Canguaretama,Alagoa Nova,Ceará-Mirim,Presidente Venceslau,Niquelândia,Ibiporã,Cambé,Itápolis,Bela Vista de Goiás,Goiás,Cândido Mota,Santa Cruz das Palmeiras,Rancharia,São Gabriel da Palha,São Miguel Arcanjo,Cajuru,Eugenópolis,Itanhandu,Jucurutu,Cocalzinho de Goiás,Alhandra,São Luiz Gonzaga,São Bento,Sousa,Chapadinha,Morro Agudo,Cachoeirinha,Ingá,Santa Bárbara,Goianira,Mamanguape,Campos Belos,Paracatu,Edéia,Praia Grande,Serra Branca,São Sebastião do Caí,Santa Cruz,Pau dos Ferros,Canavieiras,Conceição da Feira,São José de Mipibu,Goiatuba,Itapuranga,Guapimirim,Camocim,Regente Feijó,Rio Largo,Pirenópolis,Santa Rita de Cássia,Acreúna,Santa Teresa,Alexânia,Pilar,Cafelândia,Afogados da Ingazeira,São Miguel dos Campos,Alto do Rodrigues,Buriti Alegre,Assaí,Solânea,Palmeira dos Índios,Cristalina,Chã Preta,Vitorino Freire,Alagoa Grande,Uruaçu,Simão Dias,Jaguariaíva,Rio Pardo,Areia Branca,Castelo,Barra de São Francisco,Santa Juliana,Currais Novos,Nanuque,Apodi,Santana do Ipanema,São Miguel,Pitangueiras,Paranavaí,Santa Rita do Sapucaí,Tabatinga,Nerópolis,Itaperuçu,Ceres,Taquari,Bom Conselho,Porto Franco,Rio Tinto,Almenara,Pires do Rio,Alegre,Nova Cruz,Cachoeiras de Macacu,Seabra,Princesa Isabel,Sumé,São Gabriel do Oeste,Coxim,Conselheiro Pena,Bom Jesus de Goiás	3.512639591004462	3.4849445376971433	4.584589252732301
residential	cl-2	Pontes e Lacerda,Fátima do Sul,Aparecida do Taboado,Campinorte,Ituporanga,Itirapina,Brasnorte,Marechal Deodoro,Peixoto de Azevedo,Itatinga,Posse,Tapurah,Barrinha,Orizona,Ribas do Rio Pardo,Ladário,Eldorado,União dos Palmares,Água Boa,Jardim de Piranhas,Sinop,Tenente Portela,Caraúbas,Caiapônia,Pontal,Piratininga,Rubiataba,Caçu,Jussara,Corumbaíba,Alta Floresta,Mirassol d'Oeste,Sanclerlândia,Nova Xavantina,Goianinha,Silvânia,Itaporã,Colinas do Tocantins,Apiaí,Rio Branco do Sul,Terra Boa,Várzea Alegre,Ivinhema,Cassilândia,Caconde,Colorado,Piranhas,Girau do Ponciano,Campos de Júlio,São Paulo do Potengi,João Câmara,Vianópolis,Nova Santa Rosa,Jaguaruana,São José do Rio Claro,Alto Araguaia,Guapó,Guia Lopes da Laguna,Cachoeira Alta,Guará,Flórida Paulista,Santo Antônio,São José da Laje,Pão de Açúcar,Delmiro Gouveia,Panorama,Itapaci,Guaraí,Palmeiras de Goiás,São José dos Quatro Marcos,Formoso do Araguaia,Canarana,Colina,Araputanga,Tupi Paulista,Colíder,Macatuba,Ervália,Iguatemi,Brasilândia,Três Passos,Cajobi,Guaranésia,Extremoz,Sonora,Dianópolis,Junqueiro,Maragogi,Piracanjuba,Cidade Ocidental,Rio Brilhante,Goianápolis,Augustinópolis,Santa Rosa de Viterbo,Rio Claro,Itapuí,Aripuanã,Ipameri,Santo Augusto,Altinópolis,Teotônio Vilela,Penedo,Itaobim,Encantado,Pedro Afonso,Santo Antônio do Descoberto,Murici,Araguatins,Confresa,Igarapava,Nobres,Miracema do Tocantins,Quedas do Iguaçu,Taguaí,Divinolândia,Jardim Alegre,Mirandópolis,Diamantino,Porto Calvo,Macau,Capinópolis,Costa Rica,Terenos,Anicuns,Monteiro,Rialma,Borborema,Ipuã,Valparaíso,Juara,Colniza	2.3267012256847432	2.3061240329407227	2.6249506979566473
residential	cl-14	Charqueadas,São Miguel do Guaporé,Caçapava do Sul,São João da Barra,Santo Antônio do Tauá,Xinguara,Bandeirantes,Tuparendi,Porto Nacional,Ouro Preto do Oeste,Tabira,Piraju,Italva,Jaciara,Prata,Horizontina,Piraí,Frederico Westphalen,Sarzedo,Rolim de Moura,São Gabriel,Bom Jesus do Itabapoana,Vila Rica,Buritis,Manacapuru,Palmares,Cruzeiro do Sul,Santa Vitória do Palmar,Salto do Jacuí,Itapira,Condado,Vicência,São Miguel do Guamá,Pinheiro,Mutum,Flores da Cunha,Armação dos Búzios,Dom Pedrito,São Lourenço do Sul,Dois Irmãos,Pedreiras,Ouro Fino,Presidente Médici,Itaguara,Campina Verde,Igrejinha,Barra do Ribeiro,Taquaritinga,Salinópolis,Jaru,Bonito,Magé,Viçosa,Ilha Solteira,Acaraú,Paudalho,Tocantinópolis,Bom Jardim,Capão da Canoa,Boa Esperança,Coruripe,Santo Antônio da Patrulha,Mesquita,Cruz Alta,Itapissuma,Miguel Pereira,Rosário do Sul,Nova Prata,Sumidouro,Descalvado,Ariquemes,Colorado do Oeste,Guajará-Mirim,Taquara,Nova Mamoré,Guararapes,Araçariguama,Santo Antônio do Monte,Santa Cruz do Capibaribe,Humaitá,Iguaba Grande,Pacajá,Palmeira das Missões,Carangola,Campo Bom,Água Preta,Nova Andradina,Oiapoque,Ji-Paraná,Querência,Portão,Capelinha,Além Paraíba,Itamogi,Cacoal,São Francisco do Guaporé,Passira,Laranjal do Jari,Monte Alegre de Minas,Tomé-Açu,Bragança,Imbé,Igarapé-Miri,Cachoeira Paulista,Vilhena,Santo Cristo,São Gonçalo do Amarante	3.3458654073360807	3.305936600535435	5.245576429114585
residential	cl-5	Nova Bassano,São Francisco de Paula,Sengés,Pereiro,Piratini,Ubajara,Nova Alvorada do Sul,Viçosa do Ceará,Independência,Massapê,Monsenhor Tabosa,Deodápolis,Butiá,Nova Santa Rita,Arroio do Tigre,Quaraí,Itaqui,São Pedro do Sul,Cerro Largo,Itaquiraí,Paiçandu,Arroio do Sal,Capão do Leão,Marco,Quixadá,Fortim,Ipaussu,Morada Nova,Senador Pompeu,Rio Verde de Mato Grosso,Pentecoste,Chapada,São José do Norte,Pinheiro Machado,Assaré,Tabuleiro do Norte,Espumoso,Bom Princípio,Terra de Areia,Jaguarão,Horizonte,Bela Vista,Não-Me-Toque,Palmares do Sul,Eldorado do Sul,Barreira,Novo Oriente,Aquiraz,São Benedito,Morro Reuter,Paraipaba,Trairi,Mundo Novo,Santa Quitéria,Sobradinho,Entre-Ijuís,Água Clara,Missão Velha,Feliz,Aurora,Pariquera-Açu,Santana do Acaraú,Bela Cruz,Balneário Pinhal,Iracema,Dourado,Irauçuba,Angatuba,São Francisco de Assis,Araruna,Guaiúba,Jucás,Constantina,Frecheirinha,Tapes,São Sepé,Araricá,Crissiumal,Barão,Itarema,Forquilha,Casca,Roca Sales,Mostardas,Granja,Glória de Dourados,Cedro,Cesário Lange,Porto Murtinho,Caarapó,Jaguaribe,Tupanciretã,Varjota,Cruz,Nova Russas,Itaitinga,Angélica,Batayporã,Amontada,Agudo,Santo Antônio do Sudoeste,Uruburetama,Arroio do Meio,Júlio de Castilhos,Camapuã,Barro,Restinga Sêca,Acopiara,Salvador do Sul,Nova Hartz,Reriutaba,Cerqueira César,Quixeré,Guaraciaba do Norte,Jijoca de Jericoacoara,Campos Sales,Encruzilhada do Sul,Lavras da Mangabeira,Cidreira,Três Cachoeiras,Anastácio	0.976838986453884	0.9677959788442206	1.1429231470033185
residential	cl-9	Ilha Comprida,Cordeirópolis,Itajobi,Pirajuí,Ariranha,Luís Antônio,Paraibuna,Boa Esperança do Sul,Pardinho,Mirassol,Buritama,Santa Branca,Ibirá,Monte Azul Paulista,Mongaguá,Bady Bassitt,Tabapuã,Vera Cruz,Rinópolis,Rio Grande da Serra,Pradópolis,Cajati,Itaberá,Bom Jesus dos Perdões,Duartina,Jaci,Santa Rita do Passa Quatro,Pindorama,Parapuã,Bernardino de Campos,Nova Granada,Nova Aliança,Ipiguá,Santa Adélia,Monte Aprazível,Iracemápolis,Pirangi,Guareí,Palestina,Dumont,Cardoso,Rincão,Iperó,José Bonifácio,Jardinópolis,Juquitiba,Nova Europa,Pirapozinho,Vargem Grande Paulista,Urânia,Ribeirão Branco,Águas de Lindóia,Fartura,Bálsamo,Bofete,Pereira Barreto,Águas da Prata,Severínia,Nhandeara,Mirante do Paranapanema,Iguape,Chavantes,Miguelópolis,Cedral,Pacaembu,Valentim Gentil,Engenheiro Coelho,Getulina,Buri,Estrela d'Oeste,Joanópolis,Sete Barras,Ouroeste,Itaporanga,Maracaí,Nazaré Paulista,Herculândia,São Simão,Itariri,Palmares Paulista,Guapiaçu,Salto Grande	1.0711391644836306	1.0651276595731232	1.2518615051167379
residential	cl-15	Mineiros do Tietê,Paranapanema,Joaquim Távora,Mangueirinha,Marechal Cândido Rondon,Palhoça,Xaxim,Bataguassu,Conchas,Aimorés,Canelinha,Piraquara,Campo Alegre,Guaraniaçu,Castilho,Navegantes,Tambaú,Mineiros,Francisco Beltrão,Gaspar,Agrolândia,Nonoai,Amambai,Alumínio,Massaranduba,Guapiara,Içara,Miranda,Três Barras,São Miguel do Oeste,Orleans,Fraiburgo,Camboriú,Paranaíba,Nova Aurora,São João Batista,Papanduva,Tapera,Getúlio Vargas,São Bento do Sul,Porto União,Palmeira,Paraíso do Norte,Pedra Azul,Capinzal,Venâncio Aires,Ampére,Santa Mariana,Arapongas,Nova Trento,Mafra,Guariba,Cianorte,Capitão Leônidas Marques,Turvo,Medianeira,Santa Helena,Curitibanos,Chopinzinho,Brusque,Santo Antônio da Platina,Caçador,Assis Chateaubriand,Ivaiporã,Concórdia,Armazém,Irati,União da Vitória,Timbó,Teodoro Sampaio,Sidrolândia,Antônio Prado,Indaial,Iporã do Oeste,Tibagi,Presidente Getúlio,Lorena,Maravilha,São Jerônimo,Dois Vizinhos,Itaiópolis,Canoinhas,Santo Amaro da Imperatriz,Maracaju,Sales Oliveira,Rio do Sul,Xanxerê,Morro da Fumaça	2.0206724530527485	1.9513181460214952	3.2089705406142417
residential	cl-10	Dionísio Cerqueira,Surubim,Rosana,Tijucas,Rio Negrinho,General Salgado,Santo Anastácio,Potirendaba,Capivari,Morrinhos,Urubici,Jaboticatubas,Tapiratiba,Campos Novos,Araporã,Abelardo Luz,Bocaina,Santa Cecília,Laranjal Paulista,Lucélia,Cerquilho,Seberi,Patrocínio Paulista,Guaraciaba,Ibirama,Otacílio Costa,Araquari,Balneário Barra do Sul,São Lourenço do Oeste,Urussanga,Taió,São José do Cedro,Candelária,Luiz Alves,Pouso Redondo,Itapiranga,Belo Jardim,Uchoa,Serafina Corrêa,Coronel Freitas,Herval d'Oeste,Presidente Bernardes,Monte Mor,Campo Erê,Redenção,Bombinhas,Guaporé,Barra Velha,Carlos Barbosa,Bom Retiro do Sul,Quilombo,São Joaquim,Salesópolis,Ribeirão Bonito,Pinhalzinho,Pilar do Sul,Jacinto Machado,Eusébio,Pirapora do Bom Jesus,Conceição das Alagoas,Sombrio,Faxinal dos Guedes,Ouro Branco,Itá,Cravinhos,Cunha Porã,Irani,Luzerna,Canindé,Jaguaruna,Penha,Itapoá,Tamboril,Braço do Norte,Garuva,Guaramirim,Corupá,Bastos,Trombudo Central,Igaratá,Conceição de Macabu,Palmitos,Russas,Piedade,Auriflama	1.9273413208968493	1.911372260713053	2.477513399060412
residential	cl-1	Ipanema,Passa Quatro,Antônio Carlos,Carmo do Rio Claro,Rio Piracicaba,São Roque de Minas,Santa Maria de Itabira,Teixeiras,Maria da Fé,Boa Viagem,Corinto,Alpinópolis,Serro,Caldas,São João Evangelista,Matozinhos,Barroso,Águas Formosas,Cássia,Alterosa,Caxambu,Vazante,Ibiraci,Alvinópolis,Bom Despacho,Bocaiúva,São Gonçalo do Rio Abaixo,Elói Mendes,Cristais,Guapé,Rio Pomba,São Domingos do Prata,Medina,Bicas,Matias Barbosa,Itaúna,Belo Oriente,Monte Sião,Resplendor,Borda da Mata,Arcos,Campanha,Dores do Indaiá,Cláudio,Salinas,Iturama,Dois Córregos,Raul Soares,São Gonçalo do Sapucaí,Carmo do Paranaíba,Jacutinga,Itamonte,Botelhos,Coração de Jesus,Porteirinha,Diamantina,Perdizes,Fronteira,Caetanópolis,Martinho Campos,Carlos Chagas,Mantena,Itaú de Minas,Monte Azul,Lagoa Formosa,Felixlândia,Areado,Jequitinhonha,Juatuba,São João Nepomuceno,Brasília de Minas,Mar de Espanha,Campos Altos,Manhumirim,Estiva,Carmo de Minas,Resende Costa,Capitólio,Ouro Preto,Coromandel,Rio Paranaíba,Nova Era,Pompéu,Nova Resende,Serra do Salitre,Machado,Congonhal,Conceição do Mato Dentro,Muzambinho,Perdões	1.7099792904271425	1.707054008840468	1.8615229346331714
residential	cl-7	Paracambi,Tanguá,Ribeirão,Canguçu,Queimados,Maués,Bodocó,São Marcos,Lagoa do Carro,São Gabriel da Cachoeira,Aperibé,Engenheiro Paulo de Frontin,Quatis,Itaocara,Escada,São Caitano,Soledade,Pinheiral,Lagoa dos Gatos,Sirinhaém,Santo Antônio de Pádua,Cabrobó,Manicoré,Itacoatiara,Toritama,Areal,Betânia,Macaparana,Ibiapina,Coari,Lajedo,Jardim,São José do Egito,Três de Maio,Pombos,Veranópolis,Rio Preto da Eva,Abreu e Lima,Ibirubá,Palmital,Giruá,São José da Coroa Grande,Tauá,Custódia,Mendes,Carapebus,Carmo,Silva Jardim,Cambuci,Sananduva,Floresta,Chã Grande,Tapejara,Beberibe,Camocim de São Félix,Mangaratiba,Paty do Alferes,Feira Nova,Itambé,Catende,Rio Formoso,Santa Maria da Boa Vista,Iacanga,Glória do Goitá,São José do Belmonte,Triunfo,Monte Santo de Minas,Presidente Figueiredo,Timbaúba,Nova Petrópolis,Cantagalo,Buíque,Arroio Grande,Canhotinho,Queluz,Brejo Santo,Seropédica,Altinho,Cupira,São Pedro da Aldeia,Itatiaia,João Alfredo,Taquaritinga do Norte,Sapucaia,Mombaça,São Francisco de Itabapoana,Brejo da Madre de Deus,Aliança,Tefé,Araçoiaba,Riacho das Almas,Panambi,Vertentes,Ipubi,Orobó,Rolante,Comendador Levy Gasparian,Águas Belas,São Bento do Una,Icapuí,Tamandaré,Lagoa Vermelha,Iranduba,Exu,Icó,Nazaré da Mata,Sanharó,Boca do Acre,Petrolândia,Agrestina,Parintins	2.318149509608127	2.3032880656075623	2.764179984258723
residential	cl-6	Itamaraju,Valente,Muritiba,Araci,Anchieta,Campo Formoso,Vargem Alta,Santa Leopoldina,Vila Valério,Morro do Chapéu,Entre Rios,Ibicaraí,Coaraci,Maragogipe,Gandu,Ipiaú,Fundão,Pedro Canário,Itacaré,Pinheiros,Caravelas,Mata de São João,Inhambupe,Ibotirama,Cachoeira,Itabela,Barra do Choça,Coração de Maria,Iúna,São Sebastião do Passé,Santa Maria da Vitória,Poções,Jacobina,Piúma,Pancas,Iguaí,Cruz das Almas,Rio Real,Ituberá,Presidente Kennedy,Madre de Deus,Capim Grosso,Itarantim,Guanambi,Cansanção,Marilândia,Laje,Santo Estêvão,Xique-Xique,Condeúba,Itapemirim,Casa Nova,Irará,Ruy Barbosa,Nova Viçosa,Itajuípe,São Francisco do Conde,Riacho de Santana,Uauá,Pojuca,Itaparica,Venda Nova do Imigrante,São Roque do Canaã,Remanso,Ubatã,Itatim,Livramento de Nossa Senhora,Jaguaquara,Curaçá,Ibatiba,São Félix do Coribe,Medeiros Neto,Iaçu,Dias d'Ávila,Itiúba,Santo Amaro,Ouricuri,Santa Cruz Cabrália,Prado,Euclides da Cunha,Itaberaba,Belo Campo,Alcobaça,Conceição do Coité,Santa Maria de Jetibá,Camacan,Amargosa,Presidente Tancredo Neves,Itapetinga,Montanha,Cândido Sales,Bom Jesus do Norte,Catu,Mutuípe,Caetité,Lapão,Belmonte,Correntina,Miguel Calmon,Marataízes,Ribeira do Pombal,Ecoporanga,Una,Guaçuí,Iconha,Bom Jesus da Lapa,João Dourado,Conceição do Jacuípe,Domingos Martins,Amélia Rodrigues,Barra da Estiva,Uruçuca,Itanhém	3.11579919084584	3.1112448886842996	3.3885363887036233
residential	cl-8	Jaíba,Lambari,Pedralva,Paraguaçu,Campo Belo,Divino,Baependi,Cambuí,Mauriti,Cruzília,Nova Serrana,Vespasiano,Novo Cruzeiro,Esmeraldas,Carmópolis de Minas,Camanducaia,Nepomuceno,Francisco Sá,Igarapé,Sacramento,São Gotardo,Minas Novas,Prados,Guanhães,São José da Lapa,Pirapetinga,Padre Paraíso,Poço Fundo,Entre Rios de Minas,Nova Ponte,Abaeté,Tupaciguara,Várzea da Palma,Caeté,Pedro Leopoldo,Três Marias,Lima Duarte,Cambuquira,Rio Acima,Inhapim,Paraisópolis,Turmalina,Santos Dumont,Juruaia,Espinosa	2.1943216784346973	2.184842263056741	2.6403949506311712
residential	cl-13	Poço Redondo,Nossa Senhora da Glória,Quissamã,Poço Verde,Carira,Boquim,São Desidério,Barra dos Coqueiros,Propriá,Carmópolis,Campo Maior,Umbaúba,Nossa Senhora das Dores,Laranjeiras,Maracás,Itaporanga d'Ajuda,Campo do Brito,Tobias Barreto,Piripiri,Pombal,Salgado,Nazaré	4.8823147315394895	4.864008272884582	5.4352021338241805
residential	cl-4	Cidade Gaúcha,Fazenda Rio Grande,Ibaiti,São Miguel do Iguaçu,Planalto,Jandaia do Sul,Imbituva,Colombo,Florestópolis,Jaguapitã,Lapa,Mamborê,Pinhais,Corbélia,Altônia,Wenceslau Braz,Ubiratã,Piên,Pitanga,Três Barras do Paraná,Goioerê,Santa Tereza do Oeste,São Jorge d'Oeste,Santa Isabel do Ivaí,Bituruna,Ribeirão do Pinhal,Carambeí,Ribeirão Claro,Siqueira Campos,Piraí do Sul,Andirá,Quitandinha,Realeza,Manoel Ribas,Castro,Rebouças,Coronel Vivida,Prudentópolis,Loanda,Capanema,Terra Roxa,Engenheiro Beltrão,Matelândia,Clevelândia,Itaipulândia,Salto do Lontra,Laranjeiras do Sul,Douradina,Curiúva,Porecatu,Terra Rica,Céu Azul,Uraí,Palotina,Missal,Candói,Astorga,Arapoti,Santa Terezinha de Itaipu	0.7082911368067006	0.6949345440580302	0.9598024823168292
residential	cl-17	Igarapé-Açu,Concórdia do Pará,Conceição do Araguaia,São Geraldo do Araguaia,Tucumã,Mocajuba,Portel,Itupiranga,Breu Branco,Cametá,São Félix do Xingu,Acará,Óbidos,Novo Progresso,Novo Repartimento,Almeirim,Jacundá,Marituba,Abaetetuba,Mãe do Rio,Tailândia,Rurópolis,Rondon do Pará,Uruará,Breves,Juruti,Moju,Ourilândia do Norte,Ulianópolis,Terra Santa,Benevides,São Domingos do Araguaia,Monte Alegre,Vigia,Alenquer,Itaituba,Santa Maria do Pará,Brasil Novo,Capitão Poço,Oriximiná,Curionópolis,Anapu,Rio Maria,Santana do Araguaia,Dom Eliseu	2.5974842964907148	2.5823391054010107	2.9944411115277267
